,param,original,after_tuning
0,N,9.0,12.0
1,lstm_units,140.0,100.0
2,dropout_prob,0.2,0.2
3,epochs,120.0,180.0
4,batch_size,16.0,16.0
5,mse,0.02313084353289459,0.02162178854955518
6,rmse,0.1520882754616364,0.14704349203400732
7,mape,16.655179922886905,16.33090633819003
