,N,mse,rmse,mape
0,6,0.024657142608043033,0.15702592973150337,17.21954084319421
1,9,0.02265402413952923,0.15051253814725613,16.98042142743621
2,12,0.020815773241906137,0.14427672453277465,16.67159006728454
3,15,0.030773702163561133,0.17542434883322536,16.839201572542358
4,18,0.02149956446441192,0.14662729781460176,16.137466730228525
5,21,0.06071825921537815,0.2464107530433243,15.240290753886033
