,lstm_units,dropout_prob,mse,rmse,mape
0,100,0.2,0.02162178854955518,0.14704349203400732,16.760724091314174
1,120,0.2,0.022087901081904556,0.14861998883698166,16.519356526474045
2,140,0.2,0.021835739168683165,0.1477692091360144,16.769711177708068
3,160,0.2,0.021927933509828263,0.14808083437713424,16.451514324926166
4,180,0.2,0.028801893316415087,0.16971120563007938,16.33090633819003
5,200,0.2,0.021840926747234375,0.14778676106889405,16.388912958023344
