,param,original,after_tuning
0,N,9.0,15.0
1,lstm_units,140.0,100.0
2,dropout_prob,0.2,0.2
3,epochs,160.0,140.0
4,batch_size,16.0,32.0
5,rmse,0.17433064775745266,0.14831531884556282
6,mape,16.820382590820458,16.330032390534683
