,lstm_units,dropout_prob,mse,rmse,mape
0,100,0.2,0.022373588700240706,0.14957803548730242,16.472525966129194
1,120,0.2,0.021773513907901835,0.1475585101168409,16.551160469068233
2,140,0.2,0.038770215000598525,0.19690153630837554,16.521750320114595
3,160,0.2,0.02463929339907212,0.15696908421428762,16.719456400238492
4,180,0.2,0.023660473270345945,0.15381961276230657,16.624926001035174
5,200,0.2,0.02288269762797551,0.15127028005518967,16.356505653008124
