,N,mse,rmse,mape
0,6,0.027597256255361104,0.16612421935214958,17.106859374327772
1,9,0.027231478831461344,0.1650196316547257,16.52448280564917
2,12,0.027136639563533436,0.1647320234912855,16.839359285834032
3,15,0.022994077031531675,0.1516379801749274,16.618832134742405
4,18,0.02639048673731633,0.162451490412727,16.01684754890009
5,21,0.03274627176321171,0.18095930968925503,15.696209756861832
